Position,Company,Location,URL,Source
Senior QA Engineer Long Term,Proxify ,Worldwide,https://remoteok.com/remote-jobs/remote-senior-qa-engineer-long-term-proxify-116378,remoteok
Senior Back End Engineer Direct Hire,Braintrust ,Canada,https://remoteok.com/remote-jobs/remote-senior-back-end-engineer-direct-hire-braintrust-263536,remoteok
Java Developer,Binance ,Taiwan,https://remoteok.com/remote-jobs/remote-java-developer-binance-262056,remoteok
Orkes Mid Level Back End Engineer Direct Hire,Braintrust ,United States,https://remoteok.com/remote-jobs/remote-orkes-mid-level-back-end-engineer-direct-hire-braintrust-262076,remoteok
Orkes Mid Level Back End Engineer Direct Hire,Braintrust ,Canada,https://remoteok.com/remote-jobs/remote-orkes-mid-level-back-end-engineer-direct-hire-braintrust-248953,remoteok
Orkes Senior Back End Engineer Direct Hire,Braintrust ,United States,https://remoteok.com/remote-jobs/remote-orkes-senior-back-end-engineer-direct-hire-braintrust-248943,remoteok
Vice President Quant Developer,Galaxy Digital ,Worldwide,https://remoteok.com/remote-jobs/remote-vice-president-quant-developer-galaxy-digital-248934,remoteok
Senior IAM Engineer,Upgrade ,Probably worldwide,https://remoteok.com/remote-jobs/remote-senior-iam-engineer-upgrade-153931,remoteok
Lead QA Engineer,Amwell ,United States,https://remoteok.com/remote-jobs/remote-lead-qa-engineer-amwell-149265,remoteok
Data Scientist Marketplace and Merchandising,Splice.com ,United States,https://remoteok.com/remote-jobs/remote-data-scientist-marketplace-and-merchandising-splice-com-141902,remoteok
Principal Software Engineer,Talend ,Portugal,https://remoteok.com/remote-jobs/remote-principal-software-engineer-talend-139099,remoteok
Technical Manager Residential,Vonage ,United States,https://remoteok.com/remote-jobs/remote-technical-manager-residential-vonage-133633,remoteok
Senior Research Software Engineer,Riverside Research ,United States,https://remoteok.com/remote-jobs/remote-senior-research-software-engineer-riverside-research-124645,remoteok
Senior Backend Software Engineer,BrightInsight ,United States,https://remoteok.com/remote-jobs/remote-senior-backend-software-engineer-brightinsight-122907,remoteok
Senior Staff Principal Machine Learning Engineer,Sift ,United States,https://remoteok.com/remote-jobs/remote-senior-staff-principal-machine-learning-engineer-sift-122901,remoteok
Software Engineer,StockX ,United States,https://remoteok.com/remote-jobs/114976-remote-software-engineer-stockx,remoteok
Data Engineer III,AccuWeather Careers ,United States,https://remoteok.com/remote-jobs/114202-remote-data-engineer-iii-accuweather-careers,remoteok
Lead Java Developer London,ION Group ,United Kingdom,https://remoteok.com/remote-jobs/112323-remote-lead-java-developer-london-ion-group,remoteok
Solutions Engineer,Incode Technologies ,France,https://remoteok.com/remote-jobs/remote-solutions-engineer-incode-technologies-120682,remoteok
Software Engineer Flex,Twilio ,Poland Europe,https://remoteok.com/remote-jobs/111828-remote-software-engineer-flex-twilio,remoteok
Java/Kotlin & Web developer ,Spider Strategies,USA Only,https://weworkremotely.com/remote-jobs/spider-strategies-java-kotlin-web-developer,weworkremotely
